Redirect 301 "/category/uncategorized" "/category/cupprint"
Redirect 301 "/radiblog678" "/blog"
Redirect 301 "/product/double-wall-cup-12oz-330ml" "/product/double-wall-cup-12oz"
Redirect 301 "/product/single-wall-cup-8oz-230-ml" "/product/single-wall-cup-8oz"
Redirect 301 "/product/single-wall-cup-12oz-330-ml" "/product/single-wall-cup-12oz"
Redirect 301 "/product/double-wall-cup-16oz-450ml" "/product/double-wall-cup-16oz"
Redirect 301 "/product/double-wall-cup-8oz-230ml" "/product/double-wall-cup-8oz"
Redirect 301 "/product/single-wall-cup-16oz-450-ml" "/product/single-wall-cup-16oz"
Redirect 301 "/product/single-wall-cup-20oz-550-ml" "/product/single-wall-cup-20oz"
Redirect 301 "/product/double-wall-cup-20oz-550ml" "/product/double-wall-cup-20oz"
Redirect 301 "/product/ice-cream-cup-5oz-150-ml" "/product/ice-cream-cup-5oz"
Redirect 301 "/product/ice-cream-cup-8oz-200-ml" "/product/ice-cream-cup-8oz"
Redirect 301 "/product/ice-cream-cup-12oz-300-ml" "/product/ice-cream-cup-12oz"
Redirect 301 "/order-sample/thank-you" "/thank-you-2"
Redirect 301 "/cp_template/12oz-your-design" "/cp_template/dw12oz-your-design"
Redirect 301 "/cp_template/david-test" "/cp_template/dw8oz-your-design"
Redirect 301 "/product/double-wall-paper-cup-8oz" "/product/double-wall-paper-cup-8oz-xmas-ice"
Redirect 301 "/cp_template/dw8oz-xmas-002" "/cp_template/dw8oz-xmas-ice"
Redirect 301 "/cp_template/dw8oz-xmasblue" "/cp_template/dw8oz-xmas-blue"
Redirect 301 "/product/double-wall-cup-8oz" "/product/double-wall-cup-230-ml"
Redirect 301 "/product/double-wall-cup-12oz" "/product/double-wall-cup-330-ml"
Redirect 301 "/product/double-wall-cup-330-ml" "/product/double-wall-paper-cup-330-ml"
Redirect 301 "/double-wall-paper-cups-xmas-edition" "/double-wall-paper-cups-christmas-edition"
Redirect 301 "/product/double-wall-cup-16oz" "/product/double-wall-cup-450-ml"
Redirect 301 "/product/double-wall-cup-20oz" "/product/double-wall-cup-550-ml"
Redirect 301 "/double-wall-paper-cup-20oz-xmas-red" "/product/double-wall-paper-cup-550-ml-xmas-red"
Redirect 301 "/double-wall-paper-cup-16oz-xmas-red" "/product/double-wall-paper-cup-450-ml-xmas-red"
Redirect 301 "/double-wall-paper-cup-12oz-xmas-red" "/product/double-wall-paper-cup-330-ml-xmas-red"
Redirect 301 "/double-wall-paper-cup-8oz-xmas-red" "/product/double-wall-paper-cup-230-ml-xmas-red"
Redirect 301 "/double-wall-paper-cup-20oz-xmas-blue" "/product/double-wall-paper-cup-550-ml-xmas-blue"
Redirect 301 "/double-wall-paper-cup-16oz-xmas-blue" "/product/double-wall-paper-cup-450-ml-xmas-blue"
Redirect 301 "/double-wall-paper-cup-12oz-xmas-blue" "/product/double-wall-paper-cup-330-ml-xmas-blue"
Redirect 301 "/double-wall-paper-cup-12oz-xmas-ice" "/product/double-wall-paper-cup-330-ml-xmas-ice"
Redirect 301 "/double-wall-paper-cup-8oz-xmas-ice" "/product/double-wall-paper-cup-230-ml-xmas-ice"
Redirect 301 "/double-wall-paper-cup-16oz-xmas-ice" "/product/double-wall-paper-cup-450-ml-xmas-ice"
Redirect 301 "/ice-cream-cup-16oz" "/product/ice-cream-cup-450-ml"
Redirect 301 "/ice-cream-cup-8oz" "/product/ice-cream-cup-230-ml"
Redirect 301 "/ice-cream-cup-5oz" "/product/ice-cream-cup-150-ml"
Redirect 301 "/double-wall-paper-cup-8oz-xmas-ice-blue" "/product/double-wall-paper-cup-230-ml-xmas-ice-blue"
Redirect 301 "/double-wall-paper-cup-20oz-xmas-ice" "/product/double-wall-paper-cup-550-ml-xmas-ice"
Redirect 301 "/product/single-wall-cup-16oz" "/product/single-wall-cup-450-ml"
Redirect 301 "/product/single-wall-cup-12oz" "/product/single-wall-cup-330-ml"
Redirect 301 "/product/single-wall-cup-8oz" "/product/single-wall-cup-230-ml"
Redirect 301 "/ice-cream-cup-12oz" "/product/ice-cream-cup-330-ml"
Redirect 301 "/single-wall-cup-20oz" "/product/single-wall-cup-550-ml"
Redirect 301 "/de/products" "/de/produkte"
Redirect 301 "/de/produkte/double-wall-cups" "/de/produkte/double-wall-becher"
Redirect 301 "/de/produkte/single-wall-cups" "/de/produkte/single-wall-becher"
Redirect 301 "/de/produkte/ice-cream-cups" "/de/produkte/eisbecher"
Redirect 301 "/de/produkte/lids" "/de/produkte/deckel"
Redirect 301 "/de/designer-service" "/de/becher-design-service"
Redirect 301 "/de" "/de/cupdesigner"
Redirect 301 "/de/about-our-printed-paper-cups" "/de/coffee-to-go-becher-individuell-schnell-preiswert"
Redirect 301 "/de/environmental-solutions" "/de/recycling-becher-recup"
Redirect 301 "/de/upload-your-artwork" "/de/zum-cupdesigner"
Redirect 301 "/de/get-quick-quote" "/de/becher-zum-bestpreis"
Redirect 301 "/de/privacy-policy" "/de/datenschutz"
Redirect 301 "/de/order-sample" "/de/cupprint-musterbox"
Redirect 301 "/de/thank-you-2" "/de/cupprint-becher-muster-danke"
Redirect 301 "/de/produkte" "/de/recycling-becher-recup/produkte"
Redirect 301 "/de/becher-zum-bestpreis/thank-you" "/de/becher-zum-bestpreis/individuell-bedruckte-getraenkebecher"
Redirect 301 "/de/recycling-becher-recup" "/de/recycling-becher-biocups"
Redirect 301 "/de/produkt-kategorie/recup-de" "/de/produkt-kategorie/reuusi"
Redirect 301 "/product/4oz-single-wall-recup" "/product/4oz-single-wall-reuusi"
Redirect 301 "/product/8oz-single-wall-recup" "/product/8oz-single-wall-reuusi"
Redirect 301 "/product/12oz-single-wall-recup" "/product/12oz-single-wall-reuusi"
Redirect 301 "/product/16oz-single-wall-recup" "/product/16oz-single-wall-reuusi"
Redirect 301 "/product/20-oz-single-wall-recup" "/product/20-oz-single-wall-reuusi"
Redirect 301 "/product-category/single-wall-recup" "/product-category/single-wall-reuusi"
Redirect 301 "/product-category/double-wall-recup" "/product-category/double-wall-reuusi"
Redirect 301 "/product/8oz-double-wall-recup" "/product/8oz-double-wall-reuusi"
Redirect 301 "/product/12-oz-double-wall-recup" "/product/12-oz-double-wall-reuusi"
Redirect 301 "/product/16-oz-double-wall-recup" "/product/16-oz-double-wall-reuusi"
Redirect 301 "/product/20-oz-double-wall-recup" "/product/20-oz-double-wall-reuusi"
Redirect 301 "/de/imprint" "/de/impressum"
Redirect 301 "/fr/living-and-breathing-cup-designs/cupprint-single-wall-8oz" "/blog"
Redirect 301 "/fr/thank-you-2/cupprint-sample-box-thank-you" "/"
Redirect 301 "/living-and-breathing-cup-designs/cupprint-single-wall-20oz" "/"
Redirect 301 "/cp_template/4oz-single-wall-recup-black" "/cp_template/4oz-single-wall-reuusi-black"
Redirect 301 "/cp_template/4oz-single-wall-recup-blue" "/cp_template/4oz-single-wall-reuusi-blue"
Redirect 301 "/cp_template/4oz-single-wall-recup-coffeebrown" "/cp_template/4oz-single-wall-reuusi-coffeebrown"
Redirect 301 "/cp_template/4oz-single-wall-recup-green" "/cp_template/4oz-single-wall-reuusi-green"
Redirect 301 "/cp_template/4oz-single-wall-recup-orange" "/cp_template/4oz-single-wall-reuusi-orange"
Redirect 301 "/cp_template/4oz-single-wall-recup-purple" "/cp_template/4oz-single-wall-reuusi-purple"
Redirect 301 "/cp_template/4oz-single-wall-recup-red" "/cp_template/4oz-single-wall-reuusi-red"
Redirect 301 "/cp_template/4oz-single-wall-recup-yellow" "/cp_template/4oz-single-wall-reuusi-yellow"
Redirect 301 "/cp_template/4oz-single-wall-recup-kraft-paper-4" "/cp_template/4oz-single-wall-reuusi-kraft-paper-4"
Redirect 301 "/cp_template/4oz-single-wall-recup-ocean-blue" "/cp_template/4oz-single-wall-reuusi-ocean-blue"
Redirect 301 "/cp_template/4oz-single-wall-recup-kraft-paper-5" "/cp_template/4oz-single-wall-reuusi-kraft-paper-5"
Redirect 301 "/cp_template/4oz-single-wall-recup-kraft-paper-1" "/cp_template/4oz-single-wall-reuusi-kraft-paper-1"
Redirect 301 "/cp_template/4oz-single-wall-recup-kraft-paper-3" "/cp_template/4oz-single-wall-reuusi-kraft-paper-3"
Redirect 301 "/cp_template/4oz-single-wall-recup-kraft-paper-2" "/cp_template/4oz-single-wall-reuusi-kraft-paper-2"
Redirect 301 "/portfolio_category/recup-double-wall-cups" "/portfolio_category/reuusi-double-wall-cups"
Redirect 301 "/portfolio_category/recup-single-wall-cups" "/portfolio_category/reuusi-single-wall-cups"
Redirect 301 "/de/produkt-kategorie/double-wall-reuusi" "/de/produkt-kategorie/double-wall-reuusi-becher"
Redirect 301 "/de/produkt-kategorie/single-wall-reuusi" "/de/produkt-kategorie/single-wall-reuusi-becher"
Redirect 301 "/thank-you-for-contacting-us-2" "/thanks-for-staying-in-the-cup-club"
Redirect 301 "/thanks-for-staying-in-the-cup-club-2" "/we-confirm-opt-out"
Redirect 301 "/de/startseite.html" "/de"
Redirect 301 "/de/agb" "/de/download/5166"
Redirect 301 "/product/8-oz-single-wall-cup-copy" "/product/8-oz-single-wall-bio-cup"
